row,source_id,class_id,class_name,split
0,ASASSN-V_J181219.84-391421.2,0,CEP,train
1,ASASSN-V J033620.17+621714.3,0,CEP,train
2,ASASSN-V J140149.83-572016.5,0,CEP,train
3,ASASSN-V J062049.69+000229.3,0,CEP,train
4,ASASSN-V J174400.30-432523.9,0,CEP,train
5,ASASSN-V_J080517.27-373448.7,0,CEP,train
6,ASASSN-V J050704.18-704135.3,0,CEP,train
7,ASASSN-V J065201.03-124543.8,0,CEP,test
8,ASASSN-V J063052.99+094023.3,0,CEP,train
9,ASASSN-V_J051309.98+415925.9,0,CEP,train
10,ASASSN-V_J210416.83+494439.8,0,CEP,train
11,ASASSN-V J081338.57-424157.2,0,CEP,train
12,ASASSN-V J195748.99+301557.3,0,CEP,train
13,ASASSN-V J065052.28-012545.4,0,CEP,train
14,ASASSN-V_J094110.25-534857.7,0,CEP,test
15,ASASSN-V_J070708.55-074742.5,0,CEP,train
16,ASASSN-V J072541.55-195348.7,0,CEP,test
17,ASASSN-V J005949.05-725151.4,0,CEP,train
18,ASASSN-V J193837.90+172322.8,0,CEP,train
19,ASASSN-V J040732.77+601906.8,0,CEP,train
20,ASASSN-V J005931.56-733557.2,0,CEP,train
21,ASASSN-V_J125343.87-655359.0,0,CEP,train
22,ASASSN-V J153805.11-584139.8,0,CEP,train
23,ASASSN-V J063542.10+020858.8,0,CEP,train
24,ASASSN-V J053048.14-711132.0,0,CEP,train
25,ASASSN-V J044321.06-691348.0,0,CEP,train
26,ASASSN-V_J093526.82-542134.2,0,CEP,train
27,ASASSN-V_J050550.88-673138.1,0,CEP,train
28,ASASSN-V_J082035.70-391503.0,0,CEP,train
29,ASASSN-V_J072626.05+372728.4,0,CEP,train
30,ASASSN-V J172422.46-441650.3,0,CEP,train
31,ASASSN-V J065048.70-075850.4,0,CEP,train
32,ASASSN-V_J082858.46-361355.5,0,CEP,train
33,ASASSN-V J205404.91+083305.3,0,CEP,train
34,ASASSN-V_J071606.26-205300.8,0,CEP,test
35,ASASSN-V_J232912.75+632227.5,0,CEP,train
36,ASASSN-V J071344.39-214327.2,0,CEP,train
37,ASASSN-V J045048.46-690506.4,0,CEP,train
38,ASASSN-V J080027.44-331911.9,0,CEP,train
39,ASASSN-V_J024443.31+612752.9,0,CEP,train
40,ASASSN-V J181610.70-334455.8,0,CEP,train
41,ASASSN-V_J110114.37-600659.6,0,CEP,train
42,ASASSN-V_J233320.29+610708.7,0,CEP,train
43,ASASSN-V J050456.40-653626.5,0,CEP,train
44,ASASSN-V J113334.91-504904.2,0,CEP,train
45,ASASSN-V J000145.97+622526.9,0,CEP,train
46,ASASSN-V J113317.69-631432.6,0,CEP,test
47,ASASSN-V_J105135.76-592306.0,0,CEP,train
48,ASASSN-V_J054229.26+373846.8,0,CEP,train
49,ASASSN-V J012142.38+614607.2,0,CEP,train
50,ASASSN-V J115056.60-650826.2,0,CEP,train
51,ASASSN-V_J024419.40+644557.3,0,CEP,train
52,ASASSN-V J002407.10-735625.4,0,CEP,test
53,ASASSN-V J004348.47-733648.3,0,CEP,train
54,ASASSN-V J132740.80-795733.9,0,CEP,train
55,ASASSN-V J052017.36-675653.4,0,CEP,train
56,ASASSN-V_J010717.57-731326.2,0,CEP,train
57,ASASSN-V J193600.95+415922.3,0,CEP,train
58,ASASSN-V J210746.54+464413.0,0,CEP,train
59,ASASSN-V_J073149.09-200858.8,0,CEP,train
60,ASASSN-V J072157.01+034631.4,0,CEP,train
61,ASASSN-V J054310.20-692808.7,0,CEP,train
62,ASASSN-V J033511.96+581740.8,0,CEP,train
63,ASASSN-V_J084235.50-561729.9,0,CEP,train
64,ASASSN-V J091209.71-502233.5,0,CEP,train
65,ASASSN-V J044723.97-694320.6,0,CEP,train
66,ASASSN-V J115301.86-231259.0,0,CEP,train
67,ASASSN-V J191527.51+235131.9,0,CEP,train
68,ASASSN-V J073335.59-255036.9,0,CEP,train
69,ASASSN-V J053734.51-661700.9,0,CEP,train
70,ASASSN-V J195413.18+292039.1,0,CEP,test
71,ASASSN-V J055050.77-670830.2,0,CEP,train
72,ASASSN-V J052225.33-070203.3,0,CEP,train
73,ASASSN-V J075742.06-273607.3,0,CEP,train
74,ASASSN-V J182845.23+051409.2,0,CEP,train
75,ASASSN-V_J061822.92+174754.6,0,CEP,train
76,ASASSN-V J161114.89-165139.9,0,CEP,train
77,ASASSN-V J213240.38+491244.9,0,CEP,train
78,ASASSN-V J011950.97-740114.4,0,CEP,train
79,ASASSN-V J063912.97-102514.2,0,CEP,train
80,ASASSN-V J123907.25-581704.4,0,CEP,train
81,ASASSN-V J073453.49-265120.6,0,CEP,train
82,ASASSN-V J181720.37-332052.5,0,CEP,train
83,ASASSN-V J042351.32-765442.8,0,CEP,train
84,ASASSN-V J075922.32-332125.9,0,CEP,train
85,ASASSN-V_J022049.49-730508.3,0,CEP,train
86,ASASSN-V_J213909.97+464331.6,0,CEP,train
87,ASASSN-V J061221.98+133812.1,0,CEP,train
88,ASASSN-V_J064354.18-023235.2,0,CEP,train
89,ASASSN-V J175218.37-344639.6,0,CEP,test
90,ASASSN-V J110128.39-641726.7,0,CEP,train
91,ASASSN-V J061559.86+234451.3,0,CEP,train
92,ASASSN-V J080822.56-322235.4,0,CEP,train
93,ASASSN-V J011422.81-714620.2,0,CEP,train
94,ASASSN-V J193202.64+130236.6,0,CEP,train
95,ASASSN-V J023505.80+592302.5,0,CEP,train
96,ASASSN-V_J021029.17+631751.1,0,CEP,test
97,ASASSN-V_J075357.63-282203.4,0,CEP,train
98,ASASSN-V J050848.50-665505.1,0,CEP,train
99,ASASSN-V_J051527.19+372220.9,0,CEP,train
100,ASASSN-V J181511.58-370651.7,0,CEP,train
101,ASASSN-V J045745.04-654230.5,0,CEP,train
102,ASASSN-V J180528.86+075421.1,0,CEP,test
103,ASASSN-V J071311.66-184351.2,0,CEP,train
104,ASASSN-V J060544.70+131424.0,0,CEP,train
105,ASASSN-V_J180050.40-015246.9,0,CEP,train
106,ASASSN-V J163652.80-280534.5,0,CEP,train
107,ASASSN-V_J093651.46-530158.0,0,CEP,train
108,ASASSN-V J174824.40-591040.6,0,CEP,train
109,ASASSN-V J070708.63-074742.4,0,CEP,train
110,ASASSN-V J010336.91-715146.2,0,CEP,train
111,ASASSN-V J175908.22+053826.4,0,CEP,test
112,ASASSN-V J024805.61+575604.1,0,CEP,train
113,ASASSN-V J011658.02-734310.4,0,CEP,test
114,ASASSN-V_J073453.40-265120.9,0,CEP,train
115,ASASSN-V_J184226.82-052027.1,0,CEP,train
116,ASASSN-V J033620.15+621713.9,0,CEP,train
117,ASASSN-V_J000145.95+622527.3,0,CEP,train
118,ASASSN-V_J065201.10-124543.4,0,CEP,train
119,ASASSN-V J074750.45-321114.6,0,CEP,test
120,ASASSN-V J192832.20+104812.6,0,CEP,train
121,ASASSN-V_J082126.61-382518.1,0,CEP,train
122,ASASSN-V_J075450.59-373720.8,0,CEP,train
123,ASASSN-V J194807.25-260932.0,0,CEP,train
124,ASASSN-V_J223105.31+601556.5,0,CEP,train
125,ASASSN-V J233320.27+610708.6,0,CEP,train
126,ASASSN-V_J103437.17-580122.5,0,CEP,train
127,ASASSN-V J052123.20-651728.4,0,CEP,train
128,ASASSN-V J044344.18-701814.2,0,CEP,train
129,ASASSN-V J114858.88-622543.7,0,CEP,train
130,ASASSN-V J030554.69+574544.2,0,CEP,test
131,ASASSN-V J170655.52-233305.4,0,CEP,train
132,ASASSN-V_J011601.20+613714.5,0,CEP,train
133,ASASSN-V_J005512.93+641538.7,0,CEP,train
134,ASASSN-V_J011327.74-722822.2,0,CEP,train
135,ASASSN-V J081259.73-442549.5,0,CEP,train
136,ASASSN-V_J190007.39-365446.6,0,CEP,train
137,ASASSN-V J032014.28+550657.2,0,CEP,train
138,ASASSN-V J081014.62-325331.1,0,CEP,test
139,ASASSN-V_J074925.24-381421.7,0,CEP,train
140,ASASSN-V_J184816.32+004903.5,0,CEP,train
141,ASASSN-V J050608.90-711526.2,0,CEP,train
142,ASASSN-V J101501.48-585255.3,0,CEP,train
143,ASASSN-V J022714.54+493042.2,0,CEP,train
144,ASASSN-V J140433.89-453232.0,0,CEP,train
145,ASASSN-V J084235.46-561730.1,0,CEP,train
146,ASASSN-V J061943.64+253044.2,0,CEP,train
147,ASASSN-V J012704.46-734908.1,0,CEP,train
148,ASASSN-V_J102434.17-593209.5,0,CEP,train
149,ASASSN-V J045247.76-682055.9,0,CEP,test
150,ASASSN-V_J033620.15+621714.0,0,CEP,train
151,ASASSN-V J060225.29+550006.3,0,CEP,test
152,ASASSN-V J115440.39-621720.9,0,CEP,train
153,ASASSN-V_J003603.46-735558.9,0,CEP,test
154,ASASSN-V J065850.58-134412.2,0,CEP,train
155,ASASSN-V J020259.69-740325.1,0,CEP,train
156,ASASSN-V J082116.75-384515.6,0,CEP,train
157,ASASSN-V J052429.20-721706.6,0,CEP,train
158,ASASSN-V J233238.92+630409.1,0,CEP,train
159,ASASSN-V J035622.39+571525.9,0,CEP,train
160,ASASSN-V_J094826.80-580105.3,0,CEP,train
161,ASASSN-V_J232558.47+611600.6,0,CEP,train
162,ASASSN-V J163010.15-571952.2,0,CEP,train
163,ASASSN-V_J074154.89-210759.0,0,CEP,train
164,ASASSN-V_J034608.25+584703.2,0,CEP,train
165,ASASSN-V_J070915.41-134709.9,0,CEP,train
166,ASASSN-V J081448.26-373906.9,0,CEP,train
167,ASASSN-V J074400.04-300829.4,0,CEP,train
168,ASASSN-V J064742.99-134000.3,0,CEP,train
169,ASASSN-V J062526.15+061734.5,0,CEP,train
170,ASASSN-V_J073610.65-252150.5,0,CEP,train
171,ASASSN-V J074354.86-323013.7,0,CEP,train
172,ASASSN-V J055210.46-674457.9,0,CEP,train
173,ASASSN-V J185717.71-380830.0,0,CEP,train
174,ASASSN-V J011327.86-722822.1,0,CEP,train
175,ASASSN-V J104454.12-581753.0,0,CEP,train
176,ASASSN-V J044206.24-675811.2,0,CEP,train
177,ASASSN-V J050346.21-685237.0,0,CEP,train
178,ASASSN-V J135501.09-640154.9,0,CEP,train
179,ASASSN-V J010406.85-730023.9,0,CEP,train
180,ASASSN-V J045026.61-703327.7,0,CEP,train
181,ASASSN-V J090932.09-535915.8,0,CEP,train
182,ASASSN-V_J014702.71+593622.5,0,CEP,train
183,ASASSN-V_J083908.02-372231.8,0,CEP,train
184,ASASSN-V J185632.38+104843.3,0,CEP,train
185,ASASSN-V J054457.17-662311.1,0,CEP,train
186,ASASSN-V J183122.38-125543.1,0,CEP,train
187,ASASSN-V J011518.84-724144.1,0,CEP,train
188,ASASSN-V_J093323.72-524521.0,0,CEP,train
189,ASASSN-V J065032.37+000025.5,0,CEP,test
190,ASASSN-V_J072756.54-164953.4,0,CEP,train
191,ASASSN-V J045822.91-710231.4,0,CEP,train
192,ASASSN-V J214820.68+553900.4,0,CEP,train
193,ASASSN-V_J163808.60-312839.5,0,CEP,train
194,ASASSN-V J063114.54+115101.4,0,CEP,train
195,ASASSN-V J051056.20-690155.1,0,CEP,train
196,ASASSN-V J071051.87-164422.5,0,CEP,train
197,ASASSN-V J165711.75-040359.7,0,CEP,train
198,ASASSN-V J033113.90+635844.3,0,CEP,train
199,ASASSN-V_J034825.67+592632.2,0,CEP,test
200,GaiaID3063243041412878976,1,EB,train
201,GaiaID1831723222983554304,1,EB,train
202,GaiaID1398361572561627136,1,EB,train
203,GaiaID1415133175038821888,1,EB,train
204,GaiaID4062280398996572800,1,EB,train
205,GaiaID4651727036455330048,1,EB,train
206,GaiaID5934240318778758528,1,EB,train
207,GaiaID401487362374594560,1,EB,train
208,GaiaID5827378848024261376,1,EB,train
209,GaiaID6057787939229798528,1,EB,train
210,GaiaID6763903029627921280,1,EB,train
211,GaiaID4795804707993358080,1,EB,train
212,GaiaID5794368897618549760,1,EB,train
213,GaiaID4201541930430377600,1,EB,train
214,GaiaID1311969507994048768,1,EB,train
215,GaiaID5573294183428675072,1,EB,train
216,GaiaID2301380954806499712,1,EB,train
217,GaiaID5400901141131539072,1,EB,train
218,GaiaID5797457911123322368,1,EB,train
219,GaiaID5876232387386918784,1,EB,train
220,GaiaID3152921065202642944,1,EB,train
221,GaiaID1795668209473612160,1,EB,train
222,GaiaID505960792588108160,1,EB,train
223,GaiaID6090751160361867264,1,EB,train
224,GaiaID3017701991345403776,1,EB,train
225,GaiaID1816610607459220096,1,EB,train
226,GaiaID6720802006338285184,1,EB,test
227,GaiaID5189548411835233792,1,EB,train
228,GaiaID481676016700987392,1,EB,train
229,GaiaID3425734261107119104,1,EB,train
230,GaiaID5334741907329338112,1,EB,train
231,GaiaID5343851159277227648,1,EB,train
232,GaiaID2979848176824585984,1,EB,train
233,GaiaID3058701680438588416,1,EB,train
234,GaiaID4193944515539307520,1,EB,train
235,GaiaID5718116739740655744,1,EB,train
236,GaiaID5302000276376302208,1,EB,train
237,GaiaID5031669983878164992,1,EB,train
238,GaiaID5574369510097625600,1,EB,train
239,GaiaID4041785605335794304,1,EB,train
240,GaiaID3368299312725532416,1,EB,train
241,GaiaID2138194703190666880,1,EB,train
242,GaiaID5877586298540278784,1,EB,test
243,GaiaID4036004373193626752,1,EB,test
244,GaiaID5251148035405027584,1,EB,train
245,GaiaID5602322462948570752,1,EB,train
246,GaiaID3324675669199676160,1,EB,train
247,GaiaID5653382305455570560,1,EB,test
248,GaiaID6086309648778155008,1,EB,train
249,GaiaID5737681788941145344,1,EB,train
250,GaiaID4043342449449860608,1,EB,train
251,GaiaID5696472990789637248,1,EB,train
252,GaiaID5831184330823394304,1,EB,train
253,GaiaID5700665634783566848,1,EB,train
254,GaiaID5414850335923108736,1,EB,train
255,GaiaID5614864042322864128,1,EB,train
256,GaiaID6007247444116779264,1,EB,train
257,GaiaID431584053656972160,1,EB,train
258,GaiaID2241003507153424128,1,EB,train
259,GaiaID4839683330839909504,1,EB,train
260,GaiaID5933737635820667904,1,EB,train
261,GaiaID4366994279808812544,1,EB,train
262,GaiaID2138942371096254080,1,EB,test
263,GaiaID6153253826546537856,1,EB,test
264,GaiaID6773108415853131008,1,EB,train
265,GaiaID2006848551668502656,1,EB,train
266,GaiaID2180704498481472256,1,EB,train
267,GaiaID5442030916190904960,1,EB,train
268,GaiaID4135173591830392448,1,EB,train
269,GaiaID4048907902469322240,1,EB,train
270,GaiaID2040192242514424576,1,EB,train
271,GaiaID1930089037887948672,1,EB,train
272,GaiaID2101238055798369024,1,EB,train
273,GaiaID4046190317638901120,1,EB,train
274,GaiaID6682783982305676544,1,EB,test
275,GaiaID3989159134830044800,1,EB,train
276,GaiaID3351357071197446144,1,EB,train
277,GaiaID5431404789145609216,1,EB,test
278,GaiaID4205609646776924544,1,EB,train
279,GaiaID1998539782816218624,1,EB,train
280,GaiaID5602392831693308032,1,EB,test
281,GaiaID3516099170422068096,1,EB,train
282,GaiaID2912061017229342848,1,EB,train
283,GaiaID5869781105942502912,1,EB,train
284,GaiaID6152684348242997376,1,EB,test
285,GaiaID6708144291025890048,1,EB,train
286,GaiaID672559825214275456,1,EB,train
287,GaiaID5930536201547708032,1,EB,train
288,GaiaID3530169929960791936,1,EB,test
289,GaiaID1981068787880269056,1,EB,train
290,GaiaID6667842242056748800,1,EB,train
291,GaiaID5246024414288264192,1,EB,train
292,GaiaID5602071941782418944,1,EB,train
293,GaiaID1961333275700338176,1,EB,train
294,GaiaID4077038873055944960,1,EB,train
295,GaiaID3398189978705672448,1,EB,train
296,GaiaID5916319378705204608,1,EB,train
297,GaiaID5848797167084998656,1,EB,train
298,GaiaID1804038722778775168,1,EB,train
299,GaiaID1823374047106859136,1,EB,train
300,GaiaID6008295175626340480,1,EB,train
301,GaiaID2239990856941978624,1,EB,train
302,GaiaID4741731275895143808,1,EB,train
303,GaiaID2073462364874844416,1,EB,train
304,GaiaID274800395678550400,1,EB,train
305,GaiaID4582368232366467840,1,EB,train
306,GaiaID2993156459409678208,1,EB,train
307,GaiaID2073744385293635072,1,EB,train
308,GaiaID5711914600810612736,1,EB,train
309,GaiaID1979527375654697216,1,EB,train
310,GaiaID2259962661026417920,1,EB,train
311,GaiaID1583015204597408000,1,EB,train
312,GaiaID5585962653327511168,1,EB,train
313,GaiaID3382691125362347136,1,EB,train
314,GaiaID5313365069095259776,1,EB,train
315,GaiaID141039136795692544,1,EB,train
316,GaiaID5508985264446721024,1,EB,train
317,GaiaID4486482091051044736,1,EB,train
318,GaiaID3196637544441765760,1,EB,train
319,GaiaID3418962231552519552,1,EB,train
320,GaiaID6071572001089379840,1,EB,train
321,GaiaID5229702851366416000,1,EB,test
322,GaiaID6087070815760637952,1,EB,train
323,GaiaID2025193151621249408,1,EB,train
324,GaiaID5863918406934901120,1,EB,train
325,GaiaID4531081237620493568,1,EB,train
326,GaiaID6107603993550545536,1,EB,train
327,GaiaID4601676171944745472,1,EB,train
328,GaiaID995563764129045632,1,EB,train
329,GaiaID1278104756017018112,1,EB,train
330,GaiaID2033151966519006592,1,EB,test
331,GaiaID6107270257412935424,1,EB,train
332,GaiaID5516216202673838208,1,EB,test
333,GaiaID2923496002581530752,1,EB,train
334,GaiaID3482874952688910976,1,EB,train
335,GaiaID5641053447219190272,1,EB,train
336,GaiaID2070338652327214848,1,EB,train
337,GaiaID5407379802942363904,1,EB,train
338,GaiaID5638785395252882944,1,EB,train
339,GaiaID2751386668640105216,1,EB,test
340,GaiaID5702365475455907968,1,EB,train
341,GaiaID1909484911538975488,1,EB,train
342,GaiaID5516421055437013120,1,EB,train
343,GaiaID1741318868675197184,1,EB,train
344,GaiaID684345112395534976,1,EB,train
345,GaiaID2037137146379469184,1,EB,train
346,GaiaID5728331202757754880,1,EB,train
347,GaiaID6581915339627318272,1,EB,train
348,GaiaID5413042773165296640,1,EB,train
349,GaiaID6410704371110457728,1,EB,train
350,GaiaID4124811961729706880,1,EB,train
351,GaiaID6060231260225975424,1,EB,train
352,GaiaID5696313316780043904,1,EB,train
353,GaiaID1401770299126163072,1,EB,train
354,GaiaID5718123577328408448,1,EB,train
355,GaiaID2892155115123345408,1,EB,train
356,GaiaID5930665806496244224,1,EB,train
357,GaiaID5466514153921275136,1,EB,train
358,GaiaID6110143315655439104,1,EB,train
359,GaiaID4412345629762857984,1,EB,train
360,GaiaID5254701450851376768,1,EB,test
361,GaiaID6030091413105185280,1,EB,train
362,GaiaID6079889600389140096,1,EB,train
363,GaiaID1908224046579321344,1,EB,test
364,GaiaID5252482120975286784,1,EB,train
365,GaiaID5338217777124683776,1,EB,train
366,GaiaID4298180519965724160,1,EB,train
367,GaiaID5818544516922050432,1,EB,train
368,GaiaID632926859142988928,1,EB,train
369,GaiaID5398369202074260736,1,EB,train
370,GaiaID5932087092687080960,1,EB,train
371,GaiaID2032385778726741376,1,EB,train
372,GaiaID497731910122850048,1,EB,train
373,GaiaID1653520460016032256,1,EB,train
374,GaiaID3367054493763481088,1,EB,test
375,GaiaID5711475753937230464,1,EB,train
376,GaiaID5345800662122561408,1,EB,train
377,GaiaID5836041389169859840,1,EB,train
378,GaiaID5694512905157615488,1,EB,train
379,GaiaID5253598778122857216,1,EB,train
380,GaiaID5932349394927211648,1,EB,test
381,GaiaID4854906511706572032,1,EB,train
382,GaiaID5926810025306516224,1,EB,train
383,GaiaID2151138257149025408,1,EB,train
384,GaiaID640577230984572672,1,EB,test
385,GaiaID5321296086969867648,1,EB,train
386,GaiaID6057959566139389568,1,EB,train
387,GaiaID3800955347251088640,1,EB,train
388,GaiaID5838833461388715776,1,EB,train
389,GaiaID6788864902809844352,1,EB,train
390,GaiaID259099472708812288,1,EB,train
391,GaiaID5749735528758060032,1,EB,train
392,GaiaID4104455912694681984,1,EB,train
393,GaiaID5932693752592121856,1,EB,train
394,GaiaID5919759097743288320,1,EB,train
395,GaiaID994481642822487168,1,EB,train
396,GaiaID470188972052743296,1,EB,train
397,GaiaID4661546332429646592,1,EB,train
398,GaiaID2239191438972985984,1,EB,train
399,GaiaID5353146464944134528,1,EB,train
400,ASASSN-V J152014.45+035955.1,2,RRAB,train
401,ASASSN-V_J173230.31-685023.1,2,RRAB,train
402,ASASSN-V J224722.19-055948.5,2,RRAB,train
403,ASASSN-V J004336.28-684331.9,2,RRAB,train
404,ASASSN-V_J121328.50+312416.7,2,RRAB,train
405,ASASSN-V_J091910.37+265733.5,2,RRAB,train
406,ASASSN-V J095245.19-123811.5,2,RRAB,train
407,ASASSN-V J173200.50+450139.8,2,RRAB,train
408,ASASSN-V J134043.20-320210.3,2,RRAB,train
409,ASASSN-V_J135139.89-174740.0,2,RRAB,train
410,ASASSN-V_J135035.41-462704.3,2,RRAB,test
411,ASASSN-V_J215958.10-262439.8,2,RRAB,train
412,ASASSN-V J223329.87-133333.9,2,RRAB,train
413,ASASSN-V J152038.38-221729.8,2,RRAB,train
414,ASASSN-V J215517.63-350341.8,2,RRAB,train
415,ASASSN-V_J215634.88-252250.4,2,RRAB,train
416,ASASSN-V J210215.63+161900.6,2,RRAB,train
417,ASASSN-V_J105243.21+431430.5,2,RRAB,train
418,ASASSN-V J175233.13-461531.4,2,RRAB,train
419,ASASSN-V J202734.01-294548.4,2,RRAB,train
420,ASASSN-V J203954.32+163013.9,2,RRAB,train
421,ASASSN-V J134450.44+624645.2,2,RRAB,train
422,ASASSN-V J164537.91+755137.4,2,RRAB,train
423,ASASSN-V J193622.83-683323.3,2,RRAB,train
424,ASASSN-V_J234342.41-402613.0,2,RRAB,train
425,ASASSN-V_J125316.35+465538.3,2,RRAB,train
426,ASASSN-V_J161312.38+515215.5,2,RRAB,train
427,ASASSN-V J145141.35+380948.1,2,RRAB,train
428,ASASSN-V_J191601.59-205345.8,2,RRAB,train
429,ASASSN-V J102710.16-080941.5,2,RRAB,train
430,ASASSN-V_J135128.48+201454.9,2,RRAB,train
431,ASASSN-V J133857.44-313033.8,2,RRAB,test
432,ASASSN-V_J133115.82+405656.8,2,RRAB,train
433,ASASSN-V J123804.53+071829.2,2,RRAB,train
434,ASASSN-V J132339.06-144211.7,2,RRAB,train
435,ASASSN-V_J194010.29-615848.3,2,RRAB,train
436,ASASSN-V J191410.59-261424.3,2,RRAB,train
437,ASASSN-V J173159.29-570700.2,2,RRAB,train
438,ASASSN-V_J145816.14-300720.1,2,RRAB,train
439,ASASSN-V J154352.76-722248.3,2,RRAB,train
440,ASASSN-V_J195258.57-295258.3,2,RRAB,train
441,ASASSN-V_J195732.99-472545.2,2,RRAB,train
442,ASASSN-V_J133010.49-144508.6,2,RRAB,train
443,ASASSN-V_J210541.45-491930.3,2,RRAB,train
444,ASASSN-V J132419.30-304551.8,2,RRAB,train
445,ASASSN-V_J203113.90+150431.9,2,RRAB,train
446,ASASSN-V_J201858.00+015132.7,2,RRAB,train
447,ASASSN-V J182009.96-425315.2,2,RRAB,train
448,ASASSN-V J204523.33-133328.0,2,RRAB,train
449,ASASSN-V_J103731.77-003952.2,2,RRAB,train
450,ASASSN-V J125120.64-121749.1,2,RRAB,train
451,ASASSN-V_J151922.45-051715.1,2,RRAB,train
452,ASASSN-V_J234628.61-813003.3,2,RRAB,train
453,ASASSN-V_J182520.83+151820.3,2,RRAB,test
454,ASASSN-V_J130031.83-312933.6,2,RRAB,train
455,ASASSN-V J174214.96+554444.4,2,RRAB,train
456,ASASSN-V J024953.84-624034.3,2,RRAB,train
457,ASASSN-V_J134826.00+243209.9,2,RRAB,train
458,ASASSN-V J080222.99+091150.4,2,RRAB,train
459,ASASSN-V J214410.00-084610.3,2,RRAB,train
460,ASASSN-V J014611.42-523606.7,2,RRAB,train
461,ASASSN-V_J005207.93-605623.5,2,RRAB,train
462,ASASSN-V J212850.21-255644.6,2,RRAB,train
463,ASASSN-V J223636.36+175335.8,2,RRAB,train
464,ASASSN-V_J014712.42-090347.8,2,RRAB,test
465,ASASSN-V J234948.19-364843.8,2,RRAB,train
466,ASASSN-V J165900.53+152220.4,2,RRAB,train
467,ASASSN-V J072335.80+153233.4,2,RRAB,train
468,ASASSN-V_J191040.38-520221.9,2,RRAB,train
469,ASASSN-V J142128.24-212855.9,2,RRAB,train
470,ASASSN-V J194557.66-200034.0,2,RRAB,train
471,ASASSN-V_J113334.84-303327.8,2,RRAB,train
472,ASASSN-V J053548.38-264856.7,2,RRAB,train
473,ASASSN-V J223303.22-111650.2,2,RRAB,test
474,ASASSN-V_J131644.29+000557.5,2,RRAB,train
475,ASASSN-V J074937.08+015740.9,2,RRAB,train
476,ASASSN-V J230142.63-010740.0,2,RRAB,train
477,ASASSN-V_J174037.04+051122.5,2,RRAB,train
478,ASASSN-V_J013646.69-785703.1,2,RRAB,train
479,ASASSN-V J114313.35+210810.6,2,RRAB,train
480,ASASSN-V_J100456.05-780201.1,2,RRAB,test
481,ASASSN-V_J144313.18-251930.8,2,RRAB,train
482,ASASSN-V_J125359.72-204455.6,2,RRAB,train
483,ASASSN-V J191723.77-525952.8,2,RRAB,train
484,ASASSN-V_J210608.27+212038.0,2,RRAB,train
485,ASASSN-V J191521.84-501156.3,2,RRAB,train
486,ASASSN-V_J201800.15-173508.4,2,RRAB,test
487,ASASSN-V_J034208.41-461759.8,2,RRAB,train
488,ASASSN-V J095112.12+131915.7,2,RRAB,train
489,ASASSN-V_J221802.87-214924.1,2,RRAB,train
490,ASASSN-V_J211638.09-153803.6,2,RRAB,train
491,ASASSN-V_J204453.13+225354.6,2,RRAB,test
492,ASASSN-V_J200057.17-274617.6,2,RRAB,train
493,ASASSN-V_J062852.66-430551.2,2,RRAB,train
494,ASASSN-V_J223603.87-100055.1,2,RRAB,train
495,ASASSN-V_J144255.25-261209.2,2,RRAB,train
496,ASASSN-V J194805.73-423949.1,2,RRAB,train
497,ASASSN-V J173709.15+374245.7,2,RRAB,train
498,ASASSN-V_J202520.67-390126.2,2,RRAB,train
499,ASASSN-V_J015936.35-295440.9,2,RRAB,train
500,ASASSN-V_J163837.20+175925.0,2,RRAB,train
501,ASASSN-V_J090014.81-094644.4,2,RRAB,test
502,ASASSN-V_J143748.51+574626.6,2,RRAB,train
503,ASASSN-V J152422.40-150825.6,2,RRAB,train
504,ASASSN-V J202800.72+012112.4,2,RRAB,train
505,ASASSN-V J014526.51-091920.6,2,RRAB,train
506,ASASSN-V J214154.56-144126.2,2,RRAB,train
507,ASASSN-V_J114632.58+161352.2,2,RRAB,train
508,ASASSN-V_J223051.35+015648.9,2,RRAB,train
509,ASASSN-V J062912.78-425822.2,2,RRAB,train
510,ASASSN-V_J131326.75-375943.1,2,RRAB,train
511,ASASSN-V J190645.99-295628.8,2,RRAB,train
512,ASASSN-V_J172632.90+175048.6,2,RRAB,train
513,ASASSN-V_J005000.63-623807.5,2,RRAB,test
514,ASASSN-V J145857.84+081842.9,2,RRAB,train
515,ASASSN-V_J105142.53-303836.1,2,RRAB,train
516,ASASSN-V J140750.99-153707.4,2,RRAB,train
517,ASASSN-V J054838.04-192929.5,2,RRAB,train
518,ASASSN-V_J211233.77+085731.3,2,RRAB,train
519,ASASSN-V_J221133.80-080511.8,2,RRAB,train
520,ASASSN-V_J154724.00+084434.6,2,RRAB,test
521,ASASSN-V J013726.14-411628.1,2,RRAB,train
522,ASASSN-V J082509.00+114808.8,2,RRAB,train
523,ASASSN-V J092531.61-102106.2,2,RRAB,train
524,ASASSN-V J141604.53+522750.2,2,RRAB,train
525,ASASSN-V J150117.52+871100.6,2,RRAB,train
526,ASASSN-V J043445.27-345705.9,2,RRAB,train
527,ASASSN-V J181145.66-391103.2,2,RRAB,train
528,ASASSN-V_J150928.62-395533.0,2,RRAB,train
529,ASASSN-V_J102615.18-351023.5,2,RRAB,train
530,ASASSN-V_J065248.20+535230.3,2,RRAB,train
531,ASASSN-V_J193235.55-175119.0,2,RRAB,train
532,ASASSN-V J211532.46-534602.7,2,RRAB,train
533,ASASSN-V J031956.70-331728.1,2,RRAB,test
534,ASASSN-V_J232543.04-572526.1,2,RRAB,test
535,ASASSN-V J213426.74+165320.9,2,RRAB,train
536,ASASSN-V_J133559.27-120244.0,2,RRAB,train
537,ASASSN-V J132251.90-104313.7,2,RRAB,train
538,ASASSN-V_J233511.93+050014.5,2,RRAB,train
539,ASASSN-V_J191004.21-504428.5,2,RRAB,train
540,ASASSN-V_J235500.46-155823.1,2,RRAB,train
541,ASASSN-V_J221410.40+102653.1,2,RRAB,train
542,ASASSN-V J024643.17+155952.7,2,RRAB,train
543,ASASSN-V J082916.65-222520.1,2,RRAB,train
544,ASASSN-V J215958.11-262439.4,2,RRAB,train
545,ASASSN-V J170355.64-645014.6,2,RRAB,test
546,ASASSN-V_J191355.69-475707.9,2,RRAB,train
547,ASASSN-V_J121015.88+272554.0,2,RRAB,train
548,ASASSN-V_J203345.78+013339.3,2,RRAB,train
549,ASASSN-V_J151623.99-101743.1,2,RRAB,train
550,ASASSN-V_J121443.59+254512.4,2,RRAB,train
551,ASASSN-V J105856.75-330706.2,2,RRAB,train
552,ASASSN-V J180054.04+261959.5,2,RRAB,train
553,ASASSN-V_J102451.39-384636.3,2,RRAB,train
554,ASASSN-V J204754.51-133242.3,2,RRAB,train
555,ASASSN-V J142858.22-295528.3,2,RRAB,train
556,ASASSN-V J200217.54-561610.4,2,RRAB,train
557,ASASSN-V J221212.10+230552.3,2,RRAB,test
558,ASASSN-V_J100503.27-082927.7,2,RRAB,train
559,ASASSN-V J164645.55-720423.7,2,RRAB,test
560,ASASSN-V_J072549.67+350147.4,2,RRAB,train
561,ASASSN-V J120337.36-071803.4,2,RRAB,train
562,ASASSN-V_J145645.79-040630.1,2,RRAB,train
563,ASASSN-V_J212755.54-264305.0,2,RRAB,train
564,ASASSN-V J134607.51-134114.9,2,RRAB,train
565,ASASSN-V J084754.28+130225.5,2,RRAB,train
566,ASASSN-V J182913.91+210418.5,2,RRAB,train
567,ASASSN-V J031533.85-442816.2,2,RRAB,train
568,ASASSN-V_J155336.73+614258.0,2,RRAB,train
569,ASASSN-V_J221303.89+182704.3,2,RRAB,train
570,ASASSN-V J102735.41-291046.0,2,RRAB,train
571,ASASSN-V J042225.32-553152.9,2,RRAB,train
572,ASASSN-V J210700.61-003952.3,2,RRAB,train
573,ASASSN-V J194910.15+825842.6,2,RRAB,train
574,ASASSN-V J150928.44-182556.3,2,RRAB,train
575,ASASSN-V_J165524.79+395534.6,2,RRAB,train
576,ASASSN-V J202119.32-441943.6,2,RRAB,train
577,ASASSN-V J175653.61+245446.3,2,RRAB,test
578,ASASSN-V J044938.78-325221.8,2,RRAB,train
579,ASASSN-V_J005035.51-052111.4,2,RRAB,train
580,ASASSN-V_J213530.98-390630.8,2,RRAB,test
581,ASASSN-V_J150658.24+193618.9,2,RRAB,train
582,ASASSN-V J205314.90-220405.5,2,RRAB,train
583,ASASSN-V_J213036.31-205945.9,2,RRAB,train
584,ASASSN-V_J214025.16+184917.0,2,RRAB,train
585,ASASSN-V_J060409.79-263325.4,2,RRAB,train
586,ASASSN-V_J185418.38-405314.6,2,RRAB,train
587,ASASSN-V_J083439.63-593204.4,2,RRAB,train
588,ASASSN-V J115014.80-152317.3,2,RRAB,test
589,ASASSN-V J204807.75-253457.6,2,RRAB,test
590,ASASSN-V_J085437.23+511621.7,2,RRAB,train
591,ASASSN-V_J232349.59+144932.1,2,RRAB,train
592,ASASSN-V J192346.41+343754.8,2,RRAB,train
593,ASASSN-V J212218.53+061503.6,2,RRAB,train
594,ASASSN-V J163506.65+060101.2,2,RRAB,train
595,ASASSN-V_J062857.98-640821.3,2,RRAB,train
596,ASASSN-V J021052.14+003755.7,2,RRAB,train
597,ASASSN-V_J113750.11-393616.7,2,RRAB,train
598,ASASSN-V_J064213.95-421655.1,2,RRAB,train
599,ASASSN-V_J004901.32+250531.6,2,RRAB,train
600,ASASSN-V J192614.03-575843.4,3,RRC,train
601,ASASSN-V J001736.89-563838.1,3,RRC,train
602,ASASSN-V J193958.76-130026.1,3,RRC,train
603,ASASSN-V_J050712.82-382956.2,3,RRC,train
604,ASASSN-V_J105123.65-101130.1,3,RRC,train
605,ASASSN-V_J192010.35-471333.3,3,RRC,train
606,ASASSN-V_J124410.34+035004.6,3,RRC,train
607,ASASSN-V J214821.86+343200.2,3,RRC,train
608,ASASSN-V J012052.34+214343.0,3,RRC,train
609,ASASSN-V J182940.92+404957.8,3,RRC,train
610,ASASSN-V J210047.00+350425.9,3,RRC,train
611,ASASSN-V_J193257.95-665724.1,3,RRC,train
612,ASASSN-V J153102.64-212838.8,3,RRC,train
613,ASASSN-V J132251.94-250524.8,3,RRC,train
614,ASASSN-V_J161607.95-052420.3,3,RRC,train
615,ASASSN-V J150632.40+050740.0,3,RRC,train
616,ASASSN-V J163256.81+050654.5,3,RRC,train
617,ASASSN-V_J233309.56-611553.0,3,RRC,train
618,ASASSN-V J201701.67-064510.3,3,RRC,train
619,ASASSN-V J171934.96-150519.6,3,RRC,train
620,ASASSN-V_J231834.54+135126.2,3,RRC,train
621,ASASSN-V J135405.24+004425.4,3,RRC,train
622,ASASSN-V_J134037.89+160630.5,3,RRC,train
623,ASASSN-V J230358.38-611524.5,3,RRC,train
624,ASASSN-V J121021.79-154359.9,3,RRC,train
625,ASASSN-V J210610.13-315234.4,3,RRC,train
626,ASASSN-V J065934.63-145432.9,3,RRC,train
627,ASASSN-V J100746.68-344424.3,3,RRC,test
628,ASASSN-V_J160611.55+332215.5,3,RRC,train
629,ASASSN-V J083711.58-184018.6,3,RRC,train
630,ASASSN-V J143351.10-660426.6,3,RRC,train
631,ASASSN-V_J094548.94-241730.9,3,RRC,train
632,ASASSN-V J161541.18-000524.2,3,RRC,train
633,ASASSN-V_J182741.44+625342.0,3,RRC,train
634,ASASSN-V J174812.31+310437.8,3,RRC,test
635,ASASSN-V J194200.79-600821.5,3,RRC,train
636,ASASSN-V J115859.01-133520.1,3,RRC,train
637,ASASSN-V J025615.72+350453.1,3,RRC,train
638,ASASSN-V J195541.14-473713.8,3,RRC,train
639,ASASSN-V_J222648.03-575855.5,3,RRC,train
640,ASASSN-V J210903.60-125757.6,3,RRC,train
641,ASASSN-V_J224300.31-544418.0,3,RRC,train
642,ASASSN-V J143857.90+073136.8,3,RRC,train
643,ASASSN-V J201445.30-350210.2,3,RRC,train
644,ASASSN-V J100643.11-391133.8,3,RRC,train
645,ASASSN-V_J034813.90-300056.8,3,RRC,train
646,ASASSN-V_J225001.59+091206.0,3,RRC,train
647,ASASSN-V J135037.46-403901.6,3,RRC,train
648,ASASSN-V J173010.81+452203.8,3,RRC,test
649,ASASSN-V J041727.04-385333.7,3,RRC,train
650,ASASSN-V J114926.10+551238.2,3,RRC,train
651,ASASSN-V J105521.82-373815.2,3,RRC,train
652,ASASSN-V_J122045.86-343428.0,3,RRC,train
653,ASASSN-V J080028.61-671840.0,3,RRC,train
654,ASASSN-V J203227.79-102010.5,3,RRC,train
655,ASASSN-V_J123707.16-055613.4,3,RRC,train
656,ASASSN-V J215230.47-100831.8,3,RRC,train
657,ASASSN-V_J064555.65-680322.6,3,RRC,train
658,ASASSN-V_J104427.16+051321.8,3,RRC,train
659,ASASSN-V J153853.66-303416.6,3,RRC,train
660,ASASSN-V J220344.97+212047.3,3,RRC,train
661,ASASSN-V J034349.56-132814.1,3,RRC,train
662,ASASSN-V J155907.93-012051.1,3,RRC,train
663,ASASSN-V J143056.26+560521.4,3,RRC,train
664,ASASSN-V J163334.50+084846.7,3,RRC,train
665,ASASSN-V_J075207.31-072800.1,3,RRC,test
666,ASASSN-V J094456.77+473031.0,3,RRC,train
667,ASASSN-V J214146.20+030812.8,3,RRC,train
668,ASASSN-V J152917.81+255631.9,3,RRC,train
669,ASASSN-V J192759.38-331922.3,3,RRC,train
670,ASASSN-V J234735.09-245508.3,3,RRC,test
671,ASASSN-V_J192753.61-501320.0,3,RRC,test
672,ASASSN-V J011642.66-375934.8,3,RRC,test
673,ASASSN-V J015310.17+012312.2,3,RRC,test
674,ASASSN-V J055924.57+031410.0,3,RRC,train
675,ASASSN-V_J161731.41+011628.1,3,RRC,train
676,ASASSN-V J142032.39-143202.0,3,RRC,train
677,ASASSN-V J170006.68-010419.0,3,RRC,train
678,ASASSN-V J122529.65-500814.3,3,RRC,train
679,ASASSN-V_J075819.27+381021.0,3,RRC,test
680,ASASSN-V J180612.96-571358.5,3,RRC,train
681,ASASSN-V J181801.57-372810.9,3,RRC,train
682,ASASSN-V_J080028.64-671840.0,3,RRC,train
683,ASASSN-V_J142243.95-195327.2,3,RRC,train
684,ASASSN-V_J003513.50-041501.1,3,RRC,train
685,ASASSN-V J113603.11-485848.6,3,RRC,test
686,ASASSN-V J105051.45-373539.0,3,RRC,train
687,ASASSN-V_J112203.96-310058.0,3,RRC,test
688,ASASSN-V J204742.33-152423.2,3,RRC,train
689,ASASSN-V J200441.27-264517.2,3,RRC,train
690,ASASSN-V_J191020.00-461955.5,3,RRC,train
691,ASASSN-V_J182034.03-404125.6,3,RRC,train
692,ASASSN-V J200021.37+011812.2,3,RRC,train
693,ASASSN-V J032645.81-572114.5,3,RRC,train
694,ASASSN-V J201332.15+065243.8,3,RRC,train
695,ASASSN-V J160039.42-300926.3,3,RRC,test
696,ASASSN-V J125919.33+122947.5,3,RRC,train
697,ASASSN-V_J125447.33+311645.1,3,RRC,train
698,ASASSN-V_J105927.92-142400.1,3,RRC,train
699,ASASSN-V J150949.69+083631.4,3,RRC,train
700,ASASSN-V J230851.68-771116.5,3,RRC,train
701,ASASSN-V_J154126.28-323501.6,3,RRC,train
702,ASASSN-V_J180228.71+422320.4,3,RRC,train
703,ASASSN-V J162310.19+023018.4,3,RRC,train
704,ASASSN-V J101938.86-463255.6,3,RRC,test
705,ASASSN-V J113208.69-341027.1,3,RRC,train
706,ASASSN-V_J154441.18+480650.5,3,RRC,train
707,ASASSN-V_J133616.14+053550.3,3,RRC,train
708,ASASSN-V_J173009.88+164643.4,3,RRC,train
709,ASASSN-V_J032327.61-720741.9,3,RRC,train
710,ASASSN-V J210047.47+145245.5,3,RRC,test
711,ASASSN-V J214120.35-295341.0,3,RRC,train
712,ASASSN-V_J081227.24-771941.9,3,RRC,train
713,ASASSN-V J092556.60+255616.9,3,RRC,train
714,ASASSN-V J161747.34+590408.2,3,RRC,train
715,ASASSN-V_J080216.80+213103.8,3,RRC,train
716,ASASSN-V_J184826.04-393717.1,3,RRC,train
717,ASASSN-V J123820.43-310247.7,3,RRC,train
718,ASASSN-V_J153000.74+542358.9,3,RRC,train
719,ASASSN-V_J184245.03+582350.9,3,RRC,test
720,ASASSN-V J150439.88+170811.5,3,RRC,train
721,ASASSN-V_J210801.39-392808.4,3,RRC,train
722,ASASSN-V J182653.59-375019.0,3,RRC,train
723,ASASSN-V J195800.16-651934.8,3,RRC,train
724,ASASSN-V J023940.69-332602.6,3,RRC,train
725,ASASSN-V J084723.81-002532.8,3,RRC,train
726,ASASSN-V J174901.32+375047.5,3,RRC,train
727,ASASSN-V_J105938.24-253712.2,3,RRC,train
728,ASASSN-V J141203.91-764300.9,3,RRC,test
729,ASASSN-V J144641.54-343703.8,3,RRC,train
730,ASASSN-V_J091011.77+035859.4,3,RRC,train
731,ASASSN-V_J133343.06-320454.8,3,RRC,test
732,ASASSN-V J203838.74-021146.5,3,RRC,train
733,ASASSN-V J205922.75-270807.8,3,RRC,train
734,ASASSN-V_J082826.46+381912.5,3,RRC,train
735,ASASSN-V J131352.96-170039.8,3,RRC,train
736,ASASSN-V J185822.67-713840.2,3,RRC,train
737,ASASSN-V_J214631.95-083701.9,3,RRC,train
738,ASASSN-V_J184253.07+253441.1,3,RRC,train
739,ASASSN-V J050302.42-320117.9,3,RRC,train
740,ASASSN-V J223251.20-024906.7,3,RRC,train
741,ASASSN-V J095328.32+020326.4,3,RRC,train
742,ASASSN-V_J162429.27+025407.4,3,RRC,train
743,ASASSN-V J203922.51-010346.2,3,RRC,train
744,ASASSN-V_J133153.84+041729.4,3,RRC,train
745,ASASSN-V_J154518.77-321932.0,3,RRC,train
746,ASASSN-V J090002.29+273929.1,3,RRC,train
747,ASASSN-V J222936.38-453732.6,3,RRC,train
748,ASASSN-V J180250.80-475031.7,3,RRC,train
749,ASASSN-V_J134048.26-331214.7,3,RRC,train
750,ASASSN-V J184233.83+420948.6,3,RRC,train
751,ASASSN-V_J130103.00-223323.3,3,RRC,train
752,ASASSN-V_J210236.07+063500.5,3,RRC,train
753,ASASSN-V J140037.89-212438.2,3,RRC,train
754,ASASSN-V_J134404.85+413846.0,3,RRC,train
755,ASASSN-V J020739.14-774847.4,3,RRC,train
756,ASASSN-V J143929.67-335127.5,3,RRC,train
757,ASASSN-V J211344.98-301039.3,3,RRC,train
758,ASASSN-V_J215602.02+001736.1,3,RRC,train
759,ASASSN-V J234737.74-181013.2,3,RRC,train
760,ASASSN-V J182332.92+093706.8,3,RRC,train
761,ASASSN-V J224254.52-232115.6,3,RRC,train
762,ASASSN-V_J100054.93+012341.0,3,RRC,train
763,ASASSN-V_J191305.97-412922.4,3,RRC,train
764,ASASSN-V J180319.09-575308.2,3,RRC,train
765,ASASSN-V_J220925.01+125228.2,3,RRC,train
766,ASASSN-V J184429.87+665205.4,3,RRC,train
767,ASASSN-V J161741.93-044806.3,3,RRC,train
768,ASASSN-V J154715.23+052128.8,3,RRC,train
769,ASASSN-V J101252.11+045300.1,3,RRC,train
770,ASASSN-V_J200843.57-295624.6,3,RRC,test
771,ASASSN-V J205333.57+325358.7,3,RRC,train
772,ASASSN-V J141315.05-435717.9,3,RRC,train
773,ASASSN-V J064240.12+295328.7,3,RRC,train
774,ASASSN-V_J192153.61-184519.6,3,RRC,train
775,ASASSN-V J185235.22-541338.4,3,RRC,train
776,ASASSN-V J185859.63-434240.8,3,RRC,train
777,ASASSN-V_J152605.11+690725.5,3,RRC,train
778,ASASSN-V J073240.76+413738.6,3,RRC,train
779,ASASSN-V_J054623.40-485902.6,3,RRC,train
780,ASASSN-V J085049.44+161836.9,3,RRC,train
781,ASASSN-V J174030.51+275057.0,3,RRC,train
782,ASASSN-V J151547.26-131040.4,3,RRC,train
783,ASASSN-V J184752.06-532556.1,3,RRC,train
784,ASASSN-V J145405.62-275856.6,3,RRC,train
785,ASASSN-V_J165957.93+121107.5,3,RRC,train
786,ASASSN-V J203233.52+821521.2,3,RRC,train
787,ASASSN-V J234133.43+330855.5,3,RRC,train
788,ASASSN-V J160546.17-281630.4,3,RRC,train
789,ASASSN-V J162811.50+092708.3,3,RRC,train
790,ASASSN-V J050626.60-312343.4,3,RRC,train
791,ASASSN-V_J042002.91-730358.6,3,RRC,train
792,ASASSN-V J235057.24+084541.7,3,RRC,train
793,ASASSN-V J222519.68+102150.3,3,RRC,test
794,ASASSN-V_J155018.90+155147.7,3,RRC,train
795,ASASSN-V_J194031.58-223506.5,3,RRC,train
796,ASASSN-V_J061626.85-592142.0,3,RRC,train
797,ASASSN-V J050712.86-382956.4,3,RRC,test
798,ASASSN-V_J153158.08-200750.7,3,RRC,train
799,ASASSN-V J092840.92-374652.8,3,RRC,train
